species,bio1,bio2,bio3,bio4,bio5,bio6,bio7,bio8,bio9,bio10,bio11,bio12,bio13,bio14,bio15,bio16,bio17,bio18,bio19,elevation,aspect,slope,bulkdensity,claypercent,nitrogen,carbon,ph,sand,silt,coarsefragment,needleleaf,evergreenbroadleaf,deciduousbroadleaf,mixedtrees,shrubs,herbaceous
Symphyotrichum_adnatum,203.515,117,44.8788,5312.44,324.909,64.8364,260.073,241.115,176.921,267.782,132.358,1482.42,193.873,65.7091,34.2121,521.636,242.285,499.103,306.939,31.8121,194.15,0.0869565,1446.55,12.9879,487.712,76.3091,54.4424,56.097,30.3515,2.36364,27.5301,7.48193,4.21687,29.0542,0.204819,4.34337
Symphyotrichum_amethystinum,75.6129,102.892,26.6452,9588.4,266.548,-109.699,376.247,149.978,-36.9462,194.785,-52.1398,878.968,90.5484,53.1828,16.8495,257.301,174.731,247.441,185.29,214.075,154.988,0.569892,1343.8,17.7391,228.043,52.5326,61.6739,45.2609,35.913,4.6413,2.88172,0.172043,11.4086,9.09677,0.150538,9.29032
Symphyotrichum_anomalum,134.647,127.12,33.1957,8728.27,319.375,-56.9185,376.293,167.668,60.9293,243.109,16.6359,1124.81,125.924,56.9891,21.6576,349.299,206.81,285.386,211.223,255.571,187.317,1.16304,1475.72,20.5519,109.838,22.7322,56.1858,22.6339,56.3607,8.21858,3.65217,0.00543478,43.0054,15.3315,0.0706522,4.54348
Symphyotrichum_anticostense,37.5,102.781,24.8125,9895.06,232.125,-161.562,393.688,111.344,-32.2812,160.562,-95.625,954.281,98.25,61.3438,13.7812,274.562,195.312,266.781,230.125,60.375,180.903,0.967742,1016.3,15.4242,231.667,78.3636,51.7879,44.8788,36.697,12.303,10.1818,0,8.48485,32.5455,0.484848,5.09091
Symphyotrichum_ascendens,53.7231,157.505,39.7822,8038.05,267.399,-124.482,391.881,75.7572,47.6391,158.636,-47.2756,448.676,62.4226,18.9304,35.5919,167.319,66.9987,113.051,114.772,2023.13,172.189,3.08793,1346.43,20.7276,154.113,33.7276,68.8382,43.3921,35.8079,15.4711,23.0984,0.137795,1.48556,12.2178,14.6037,30.0617
Symphyotrichum_bahamense,221.3,92.8,53.5,2263.5,295.2,137.9,157.3,243.8,192.5,247.5,189.6,1091,170.2,27.2,51.9,451.8,104.3,414.3,110,25.6,117.556,0.1,1141.2,28.3,396.667,75.5,57.6,40.1,21.4,4.6,3.9,23.4,4.2,20.6,0,7.4
Symphyotrichum_batesii,50,69,16,5055,156.5,-56.5,213,102.5,-16,114.5,-16,320.5,52.5,5.5,30,145.5,21,132,21,329,31,0,751,11.5,0,13.5,34.5,17,22,0,0,0,0,0.5,0,5.5
Symphyotrichum_boreale,42.3484,117.842,27.0475,10798.3,255.667,-175.839,431.507,143.785,-74.9819,174.792,-103.165,694.213,92.6425,28.052,39.5407,257.516,96.9683,241.253,111.943,497.572,178.466,0.74478,1250.67,17.5932,295.088,93.2568,60.1977,48.85,33.3591,6.58636,16.5586,0.128378,7.00225,21.8423,2.0473,7.86712
Symphyotrichum_bracei,0,0,0,0,0,0,0,0,0,0,0,0,0,0,0,0,0,0,0,0,0,0,0,0,0,0,0,0,0,0,0,0,0,0,0,0
Symphyotrichum_bracteolatum,64.197,142.576,41.9394,6625.58,255.606,-79.1061,334.712,16.8485,125.167,151.485,-16.0909,730.015,115.818,15,50.6061,325.091,60.9242,75.8333,301.924,1489.86,166.742,4.92424,1157.95,15.5455,185.767,46.3485,60.6364,48.8939,34.1061,20.5152,55.0303,0,0.227273,15.5606,7.40909,13.1061
Symphyotrichum_bullatum,199.673,116.8,66.0909,1561.64,284.273,112.273,172,209.418,187.382,216.218,177,1552.22,285.618,30,74.5091,736.164,102.273,442.582,135.745,1151.56,127.926,4.52727,1214.96,38.8519,190.878,32.8519,57.537,33.9815,25.3333,14.4444,4.10909,23.8545,1.25455,19.5818,0.909091,6.54545
Symphyotrichum_burgessii,192.4,80.6,50.4,1727.4,252.8,125.6,127.2,211.2,168.2,211.8,168.2,1250.8,189.8,39.6,41.8,496,140.8,475.8,140.8,126.2,110.8,2.8,1030.4,30,147.8,33.4,50.6,28.6,21.4,8.2,9.6,40.6,3,23.6,0,0
Symphyotrichum_campestre,37.8931,144.771,38.0229,7787.9,244.878,-128.45,373.328,29.6565,42.4656,138.924,-60.0763,488.427,62.7939,23.3664,30.5038,170.336,81.5267,114.389,139.275,1821.44,181.155,3.54962,1239.4,17.7176,168.983,40.2366,64.0763,44.8855,36.6565,17.4198,37.5115,0,0.916031,13.4198,8.79389,21.8779
Symphyotrichum_carnerosanum,142.72,135.92,58.84,2869.88,249.92,28.32,221.6,166.28,110.76,175.08,102.56,563.28,100.92,15.88,57.96,254.28,56.16,206.28,60.96,2048.96,114.76,10.48,1232.84,35.88,159.24,28.88,68.52,32.6,27.64,18.28,14.36,0.4,2.32,48.08,11.88,8.16
Symphyotrichum_chapmanii,188.609,117.435,41.6957,5668.74,312.087,45.5652,266.522,255.565,156.478,257.087,113,1461.96,193.522,78,28.5652,526.304,265.348,514.217,324.826,12,177.478,0,1437.48,6.30435,417.565,59.2174,46.8696,70.2174,19.1304,0.695652,35.4348,5.26087,0.826087,29.087,0,0.521739
Symphyotrichum_chilense,129.068,109.809,51.6806,3705.05,246.251,32.8168,213.435,86.0105,172.076,176.673,83.4215,863.065,164.136,6.27749,81.8168,438.33,28.9634,36.8953,427.147,246.325,185.578,2.54627,1331.56,23.3003,174.754,54.5191,60.7532,43.8066,32.7888,10.5929,28.4289,0.713198,4.6269,27.9848,3.34264,3.86294
Symphyotrichum_ciliatum,54.9496,125.928,29.1259,10364.9,270.14,-155.932,426.072,157.64,-56.6187,183.888,-82.9101,552.324,75.6259,23.6583,40.9856,205.219,80.8417,193.903,87.7842,675.137,171.258,0.688406,1330.09,22.0509,206.82,55.44,67.8327,41.8327,35.8,5.61455,6.36559,0.0967742,3.22939,9.43369,4.30824,18.9857
Symphyotrichum_ciliolatum,33.5155,115.585,26.4117,10830,245.506,-186.727,432.233,135.698,-79.3234,165.918,-112.625,718.019,92.4658,32.2539,35.979,257.502,110.884,245.146,123.344,475.642,172.011,1.03215,1163.51,16.6974,243,82.7909,57.2036,49.1068,34.1713,8.4238,17.6152,0.0716648,9.57442,30.6582,1.33297,4.0849
Symphyotrichum_concolor,177.262,123.348,41.3907,6418.73,319.982,22.4695,297.513,202.545,155.065,256.419,91.7527,1333.86,162.434,69.2796,25.9319,445.19,242.032,418.505,308.244,86.2186,179.446,0.287273,1489.75,13.8821,311.254,46.8893,52.075,58.1286,27.6429,3.025,22.1286,2.82857,9.75,31.7643,0.367857,4.16071
Symphyotrichum_cordifolium,83.8631,113.289,29.5028,9377.2,274.383,-106.127,380.51,159.108,-14.862,200.386,-42.0169,1041.87,107.771,64.945,15.2858,304.464,212.125,291.367,225.484,239.074,179.764,1.26881,1331.34,17.3611,217.884,59.4419,55.8587,42.176,40.524,8.22995,5.13577,0.162856,31.783,16.8565,0.17974,3.07492
Symphyotrichum_defoliatum,141.333,145.444,46.75,5605.69,309.972,9.25,300.722,92.7222,194.806,217.472,76.5,466.139,85.7222,2.08333,74.1667,243.167,21.25,36.4167,227.25,985.806,189.857,3.48571,1423.44,22.9444,96.7931,23.1667,67.9167,48.8056,25.6667,11.6667,23,0,5.16667,15.0833,26.4722,3.36111
Symphyotrichum_depauperatum,116.8,110.911,31.1333,8356.13,290.333,-53.4889,343.822,206.933,20.2,222,5.97778,1098.93,108.911,71.6889,11.3778,311.2,238.844,308.089,243.267,104.467,193.089,0.577778,1419.2,17.2667,113.233,30.0444,53.1111,37.0222,43.7556,6.11111,4.46667,0,28.5556,14.3111,0.244444,5.26667
Symphyotrichum_divaricatum,186.564,123.112,36.8016,7320.86,346.277,15.4993,330.777,230.517,119.812,277.171,88.4656,956.806,127.229,49.1323,30.5115,315.457,171.625,232.144,188.927,194.807,160.633,0.289041,1605.56,28.5209,118.12,32.3603,66.9001,35.9717,35.5371,3.60864,5.40296,0.71159,1.66038,12.4784,2.54717,32.1604
Symphyotrichum_drummondii,142.262,123.245,32.585,8847.94,326.088,-50.1754,376.263,211.818,36.9198,251.809,22.9647,938.965,122.646,38.6952,34.4214,323.447,138.988,272.624,144.202,251.49,163.385,0.527273,1542.2,26.3248,154.922,31.9132,63.7878,28.1243,45.537,4.46302,5.8109,0.225427,7.7094,12.3451,0.489316,22.125
Symphyotrichum_eatonii,57.8769,148.369,39.7692,7560.07,265.612,-103.938,369.55,27.4846,94.4692,156.762,-36.1231,564.104,82.5654,18.6808,38.9231,226.131,68.8346,95.25,195.385,1619.66,176.815,4.19231,1245.47,17.1907,174.804,40.2335,64.9339,45.2879,37.2296,18.2218,36.2615,0.0192308,1.7,11.2038,11.6038,20.2769
Symphyotrichum_elliottii,205.434,116.779,45.0246,5136.76,323.828,67.6148,256.213,266.238,165.057,266.91,136.148,1306.1,189.492,56.3443,41.9754,528.77,195.221,521.918,235.68,13.6639,146.553,0.00833333,1406.72,9.7377,886.81,108.746,53.1066,68.2869,21.1885,1.17213,20.5164,8.7377,7.04098,23.7869,0.663934,5.47541
Symphyotrichum_ericoides,101.883,125.856,31.3032,9546.03,301.218,-98.6455,399.864,186.181,-9.1141,220.887,-25.4459,746.6,99.2292,32.5666,38.0645,264.539,111.879,234.981,116.949,474.838,166.114,0.618998,1454.53,23.4022,175.001,41.178,66.2262,38.2206,38.4358,4.57727,5.07601,0.255579,4.84031,9.82671,2.50558,25.9634
Symphyotrichum_eulae,160.857,104.286,30.8571,6315.86,298.714,13.2857,285.429,196.857,90.4286,239.143,76.1429,771.857,110.429,38.7143,27.1429,263.429,136.286,180.857,139.571,171.857,152.571,0.571429,1355.86,25.1429,108.857,31.2857,58.1429,31.1429,29.5714,5,9.28571,4.57143,1.28571,12.2857,1.28571,39
Symphyotrichum_expansum,184.476,145.707,60.1289,3356.53,306.636,59.0578,247.578,208.991,173.093,224.773,139.636,855.204,175.516,12.92,81.0089,449.373,48.8089,277.982,89.2444,1312.89,167.379,3.68,1332.4,39.9378,171.2,21.7067,66.92,33.6,26.1644,17.6756,10.2756,9.46222,3.05333,24.6089,18.5956,8.37778
Symphyotrichum_falcatum,76.2529,151.224,36.4778,9112.46,290.854,-123.094,413.947,165.898,-9.8548,193.211,-41.2354,444.249,74.329,12.959,53.3817,193.153,46.8466,170.536,59.5609,1314.55,160.276,1.45785,1424.36,24.5358,134.728,29.6377,71.4209,39.4701,35.9308,7.59906,13.8806,0.131148,0.416862,11.1101,8.79157,32.1429
Symphyotrichum_fendleri,116.462,154.547,36.6509,9051.61,325.83,-87.3774,413.208,208.67,-0.0849057,233.387,-0.320755,519.547,84.1509,11.6226,55.6415,226.34,41.9434,207.717,41.9623,979.038,158.292,0.820755,1486.17,24.2358,108.951,21.0755,73.1038,37.0943,37.9057,4.49057,2.74528,0,0,8.72642,7.41509,51.3962
Symphyotrichum_firmum,67.6127,106.676,26.6127,9985.12,265.965,-126.085,392.049,168.711,-56.0423,190.866,-66.1197,831,94.2676,42.1831,24.8732,264.613,143.732,255.965,152.845,269.514,158.103,0.394366,1346.81,16.9571,350.463,66.1071,60.9857,48.0714,34.4,4.06429,2.8662,0.338028,14.4437,12.8028,0.133803,6.8169
Symphyotrichum_foliaceum,28.3329,145.341,39.5206,7447.01,230.289,-132.388,362.677,17.0982,61.0768,125.903,-63.2248,685.266,92.0583,27.9018,31.7141,252.989,101.276,138.536,214.617,2200.12,172.706,4.72688,1167.31,15.5627,182.432,49.953,58.9829,47.0798,37.2493,20.7977,51.3272,0.0810811,0.793741,12.8222,5.39829,17.623
Symphyotrichum_fontinale,203.091,107.364,46.4545,3780.82,298.091,88.3636,209.727,246.818,169.182,248,151.545,1220.18,211.091,38.8182,53.1818,555.636,136.091,525.909,160.273,5.72727,139.667,0,1192,8.90909,833.3,125.727,57.3636,59.7273,22.2727,1.36364,10.7273,12.9091,4.45455,15,0,9.09091
Symphyotrichum_frondosum,91.1837,160.769,41.8163,7550.46,300.599,-78.585,379.184,72,132.707,190.517,-2.98639,352.653,54.9524,9.55102,43.9592,147.599,38.4218,59.8639,124.075,1525.44,173.5,1.75342,1383.25,19.7603,108.841,28.0822,73.8767,47.2123,32.4178,13.0137,11.7211,0.319728,0,7.28571,33.7755,19.3401
Symphyotrichum_georgianum,150.226,126.419,37.6452,7167.26,307.839,-12.871,320.71,139.258,146.323,240.419,55.3548,1236.03,133.806,79.1613,14.3871,362.935,258.226,316.871,326.419,203.097,147.29,0.741935,1462.32,21.6129,71.5385,22.1613,51.0323,39.6452,35.4194,4.96774,20.8065,0.0967742,15.5484,31.7742,0,1.54839
Symphyotrichum_glabrifolium,56,106.889,46.7778,3420.67,172.111,-28.2222,200.333,22.2222,99,99.8889,11.8889,1078.78,183.556,29.6667,53.2222,510.111,108.111,108.111,486.667,1140.67,159.889,5.11111,831.889,17.8889,286,74.8889,52.8889,44.7778,26.1111,20,0,21.5556,3.55556,26.6667,12.5556,11.4444
Symphyotrichum_graminifolium,148.545,100.364,48.4545,3001.91,245,56.7273,188.273,155.364,122.909,186.182,110.364,1416.27,154.091,84.3636,18.7273,420.909,283.091,395.273,288.727,729.636,158,2.09091,1027.82,37.9091,178.545,41.2727,48.9091,26.2727,27.1818,4,0,11.2727,6.36364,17.0909,11.8182,5.72727
Symphyotrichum_grandiflorum,147.492,127.966,37.4746,7449.47,310.644,-20.5593,331.203,240.678,100.797,241.22,48.5424,1144.49,119.593,77.2203,13.2881,334.542,246.441,334.373,272.915,134.898,173.643,0.40678,1504.25,19.8136,66.4259,21.0169,49.9322,41.7627,36.7458,4.35593,15.2712,0,16.3729,37.7966,0,2.55932
Symphyotrichum_greatae,135.5,136,43.9722,5777.06,302.528,5.5,297.028,74.6944,210.528,214.694,69.0833,524.639,101.472,1.27778,85.5278,290.25,9.41667,20.1389,274.583,1011.81,198.472,6.75,1421.78,22.3333,100.079,26.3056,65.3611,48.1389,26.8333,13.6389,34.6111,0,2.02778,26.2778,28.9722,1.27778
Symphyotrichum_hallii,109.692,112.846,41.9231,4967.81,264.077,8.69231,255.385,52.8077,174.231,175.346,49.3077,1102.19,185,12.8077,62.0769,528.885,71.5,73.8077,484.769,125.846,183.208,0.807692,1340.88,25.0769,185,52.6923,55.5769,27.7692,43.2308,4.15385,19.7692,0.615385,4.57692,10.3846,0,8.42308
Symphyotrichum_hendersonii,44.25,129.15,40,6054.1,226.7,-80.95,307.65,-20.25,122.7,125.1,-27.05,943.5,144.8,19.25,47.6,410.7,84.75,93.85,383.3,1479.3,174.6,4.65,956.1,10.5,254.722,54.7,53.45,44.95,39.75,19.35,66.55,0,0,14.8,2.1,3.45
Symphyotrichum_hesperium,0,0,0,0,0,0,0,0,0,0,0,0,0,0,0,0,0,0,0,0,0,0,0,0,0,0,0,0,0,0,0,0,0,0,0,0
Symphyotrichum_hintonii,112.667,79.6667,47,608.667,171.667,59.6667,112,112,114.667,121.333,105.333,1036.33,227.333,6,68.6667,640.333,24.3333,135,33.6667,1550.67,124,4.66667,784,27.6667,251,29.6667,38,22,17.3333,15.6667,11.3333,1,0,35.6667,0,11
Symphyotrichum_jessicae,78.4,124.12,35.8,6880.32,272.2,-55.44,327.64,-2.64,164.72,168.28,-7.84,595.4,71.6,22.2,31.04,208.92,81.96,94.72,194.56,745.48,165.8,2.2,1269.44,19.52,133.48,33.2,61.84,24,52.44,6.24,18.68,0,1.8,10.28,0.84,14.84
Symphyotrichum_kentuckiense,136.667,123.333,34.7778,7579.44,300.056,-30.2778,330.333,97.6111,191.778,231.667,35.5556,1262.5,137.278,75.6667,14.7222,369.889,255.556,287.611,342.667,196.889,161.278,0.333333,1418.39,21.2222,86.75,20.3889,52.6667,24.2778,49,3.61111,10.3333,0,12,15.2778,0,5.16667
Symphyotrichum_laeve,70.6652,123.625,30.5829,9664.87,272.947,-128.723,401.67,155.632,-29.0543,191.072,-57.6251,732.113,95.1202,33.4133,37.9347,259.462,114.044,240.827,127.093,674.856,175.12,1.28257,1362.31,20.4102,205.746,49.8944,63.1122,41.2117,38.4002,7.26866,14.9589,0.230137,8.85096,12.4707,1.80877,12.7584
Symphyotrichum_lanceolatum,81.4503,120.501,29.9453,9715.13,281.528,-117.806,399.335,166.941,-20.6507,202.26,-48.4921,845.257,100.064,43.2437,29.4756,277.402,144.946,258.379,158.773,428.476,173.091,0.863439,1361.95,19.9129,203.903,54.924,61.2017,41.0206,39.1214,6.47051,7.43426,0.253563,13.9131,13.9578,2.43721,11.2347
Symphyotrichum_lateriflorum,93.2094,114.385,30.3489,9151.02,280.233,-94.1481,374.381,161.939,4.82973,206.817,-29.4767,1041.78,111.536,61.1267,18.6201,314.051,203.477,293.276,222.858,220.625,177.036,0.910464,1376,17.7834,210.531,55.8419,55.9694,41.5765,40.7194,6.85759,6.61899,0.484265,25.9745,18.7207,0.243953,3.96307
Symphyotrichum_laurentianum,43.125,77.8125,21.4375,8659.12,210.875,-122.25,333.125,-4.6875,8.1875,153.125,-69.1875,1018.56,108.625,70.3125,12.3125,302.625,228.062,239.812,270.375,4.5625,73.5714,0,1053.44,15.5,163,128.889,48.6111,52.0556,26.7222,14.3333,11.1111,0,2.5,15.6111,2.66667,5.83333
Symphyotrichum_lentum,146.657,128.143,47.7143,4721.49,291.029,31.2857,259.743,84.9143,202.029,204.114,84.6571,526.657,118.429,1.02857,87.1429,292.543,6.2,9.54286,292.314,40,135.303,0.685714,1474.09,27.8286,182.625,48.7714,65.5714,35.4286,33.9714,6.42857,8.82857,0.0857143,1.88571,22.4857,7.17143,9.28571
Symphyotrichum_longifolium,0,0,0,0,0,0,0,0,0,0,0,0,0,0,0,0,0,0,0,0,0,0,0,0,0,0,0,0,0,0,0,0,0,0,0,0
Symphyotrichum_longulum,37.2857,101.571,22.1429,9646.43,223,-163.857,386.857,154.286,-95.5714,154.286,-95.5714,633.571,89.2857,16.2857,40.8571,254.286,63.2857,254.286,63.2857,284.571,139,0.857143,1073.43,12.8571,126.2,49,47.2857,44.4286,28.4286,6.14286,6.57143,0,15.8571,32,0,3
Symphyotrichum_lucayanum,121.5,36,22.5,1475,158.5,79.5,79,134,107,139,101.5,747,119,23.5,25.5,311.5,87.5,279.5,97,5,95.5,0,658,7,626,63,33,22,21,2,12,0,0,21.5,0,6
Symphyotrichum_molle,21.6667,98,24.3333,5627,166.667,-97.6667,264.333,45,-47.3333,96.6667,-47.3333,309.333,42.6667,16,25,120.333,51,85,51,1352.67,63.3333,2.66667,896.333,16.3333,106.667,28.6667,44.3333,24,26.3333,9.33333,21,0,0.333333,1.66667,3.33333,32.6667
Symphyotrichum_moranense,154.616,149.192,67.3151,1837.43,261.555,42.1849,219.37,165.616,139.192,175.795,128.904,952.849,195.76,9.34932,89,534.979,36.1644,274.37,47.863,2266.59,183.932,4.80137,1212.47,42.8425,215.069,17.5342,61.7397,30.589,25.9589,18.137,12.0548,2.08219,2.43836,39.6438,8.87671,9.29452
Symphyotrichum_nahanniense,-41.6667,91.6667,18.1667,11292.8,163.333,-251.667,415,97,-104.667,97,-189.333,408.333,62.6667,20.3333,32.3333,163.833,63.3333,163.833,70.6667,733,101.167,4.16667,802,13.3333,217.667,71.8333,47.8333,35.5,34.5,10.5,27.8333,0,1,42,12.6667,0
Symphyotrichum_novae-angliae,83.8559,109.451,28.0925,9644.7,277.064,-107.231,384.295,167.267,-25.2461,203.55,-45.3933,935.176,100.676,52.5233,20.2951,284.965,175.383,271.824,186.157,224.306,174.163,0.617573,1389.43,19.5467,251.624,56.1455,60.3661,40.0557,40.4727,5.03842,4.35953,0.228549,15.9725,10.0364,0.299608,6.47027
Symphyotrichum_novi-belgii,69.1323,101.826,27.5818,9043.96,251.158,-112.205,363.363,93.3535,38.496,182.703,-50.4505,1140.04,119.117,74.4576,14.3556,336.113,240.168,291.657,277.571,106.504,181.201,0.997519,1213.79,12.72,246.443,87.3762,51.2146,53.0576,34.2029,9.46394,9.9621,0.609329,16.5637,27.9903,1.11953,3.51603
Symphyotrichum_oblongifolium,113.816,130.949,32.1711,9518.08,314.06,-89.3283,403.388,198.29,-4.86439,232.75,-13.7212,830.148,110.785,32.3435,39.782,298.165,112.712,269.212,115.871,442.285,175.028,0.936629,1491.07,24.5616,144.161,32.4676,64.0597,29.2973,46.1398,5.5972,3.98733,0.115336,12.564,9.1749,1.21293,28.9303
Symphyotrichum_ontarionis,89.9213,115.038,27.9563,10166.2,289.522,-117.087,406.609,185.965,-27.484,214.834,-48.0321,908.936,109.312,40.4431,31.0321,305.618,138.886,288.475,151.612,213.551,174.745,0.411079,1409.27,20.8275,214.202,56.4561,60.9737,36.5789,42.348,3.71637,5.18659,0.218659,13.5073,10.5714,0.443149,7.10787
Symphyotrichum_oolentangiense,96.0526,116.247,28.5502,9955.02,294.111,-107.893,402.005,191.733,-27.8578,218.682,-38.8114,903.606,110.396,36.9134,32.3818,306.459,130.509,288.658,135.722,250.816,183.43,0.412674,1450,20.376,212.141,48.9782,60.9111,37.5772,41.9704,3.5195,4.97218,0.18238,10.6028,12.4096,0.292117,12.034
Symphyotrichum_parviceps,124.892,122.923,30.4769,9333.4,316.431,-75.2,391.631,198.615,3.8,240.431,-1.92308,992.046,126.277,36.8,33.6462,337.523,130.154,309.8,130.831,267.431,171.108,0.430769,1499.38,25.7846,162.3,30.3846,60.0923,18.4462,54.2462,4.01538,0.430769,0.0307692,12.2615,5.89231,0.323077,25.5538
Symphyotrichum_patens,139.226,124.573,34.9394,8128.1,313.585,-39.1498,352.735,166.472,96.947,240.79,30.5993,1187.25,129.404,69.1002,18.0084,353.104,235.568,301.546,269.012,186.66,172.875,0.89966,1479.04,19.0874,121.597,35.3924,54.5345,37.6916,43.1983,6.62605,11.063,0.648739,29.2504,21.3571,0.316807,6.57479
Symphyotrichum_phlogifolium,104.675,120.024,33.0081,8451.6,284.195,-70.8699,355.065,187.008,2.93496,210.423,-8.23577,1090.61,111.659,71.1301,13.2195,316.805,230.911,307.52,233.317,323.496,176.943,1.71545,1403.33,20.374,146.069,38.2276,53.7317,33.5447,45.4309,11.561,4.84553,0.0650407,47.8537,9.8374,0.0894309,2.10569
Symphyotrichum_pilosum,107.985,116.647,31.1479,8991.43,293.437,-76.86,370.296,181.774,12.9561,220.051,-12.3483,1047.24,113.897,58.9684,19.8579,318.59,197.795,298.553,210.639,225.844,179.117,0.759074,1445.36,20.3725,179.787,45.1008,57.6839,35.0943,44.5999,6.11799,5.20515,0.330703,21.576,11.987,0.30669,7.54957
Symphyotrichum_plumosum,186.316,119.316,41.8947,5603.74,310.158,43.6316,266.526,252.895,152.684,254.263,111.526,1447.32,190.158,77.1053,27.3684,513.158,261.263,504.474,324.105,20.1053,202.105,0.0526316,1417.47,8.10526,359.294,47.7368,46.5789,69,17.6316,1.21053,34.1053,12.6316,0.684211,21.7895,0,0
Symphyotrichum_porteri,63.4809,161.26,41.4504,7656.08,265.931,-115.366,381.298,141.954,-27.0458,164.947,-30.7786,445.992,67.2595,15.0687,45.855,177.771,52.0534,167.802,52.1374,2149.56,156.763,3.30534,1378.31,18.7176,123.815,31,67.0305,50.0916,30.4198,15.6336,35.2672,0.10687,0,14.1603,5.66412,28.5115
Symphyotrichum_potosinum,155.303,156.727,57.9091,3591.36,287.727,21.7879,265.939,192.03,149.727,199.364,108.455,716.515,169.848,6.15152,88.9091,424.394,29.8485,314.576,70.8788,1845.88,147.939,3.39394,1291.82,42.3636,150.793,13.8182,63.5758,29.5758,25.1212,20.0303,14.7273,3.15152,0.636364,33.5152,11.2727,13.0909
Symphyotrichum_praealtum,127.76,122.542,32.2352,8967.14,313.825,-64.2124,378.038,199.141,23.2959,239.077,7.22307,998.256,123.806,43.6813,32.0713,333.202,152.2,300.452,163.876,289.429,171.543,0.491629,1508.46,23.7313,165.62,37.844,60.9115,29.8855,46.3221,4.31651,4.6085,0.503794,9.86495,11.0046,0.637329,20.4552
Symphyotrichum_pratense,186.864,124.52,38.168,6949.62,341.472,21.168,320.304,210.36,166.496,272.272,93.088,1101.5,134.48,61.096,24.52,341.568,210.976,258.936,253.472,103.144,168.333,0.376,1591.68,23.216,87.5565,27.784,59.144,42.968,33.048,2.432,14.832,1.176,7.992,24.92,1.144,18.424
Symphyotrichum_prenanthoides,92.4146,119.799,32.3963,8736.41,276.724,-87.5439,364.268,181.393,-15.3317,201.1,-24.7439,1065.89,111.234,65.5927,15.9378,316.762,215.082,309.804,217.374,389.278,182.108,1.51098,1398.41,19.5421,168.527,48.5665,53.1819,34,46.431,10.9792,3.65732,0.135366,51.9524,10.8073,0.0365854,3.18049
Symphyotrichum_priceae,90.6667,84.6667,22.6667,5630.67,209.333,-33,242.333,90.3333,131.667,160.333,14.3333,857,87,51,9.33333,246,173.667,203.333,217.333,121.667,117,0,1017,14,64.6667,13.3333,37,11,41.6667,2,0,0,7,0,0,3
Symphyotrichum_puniceum,66.1928,112.628,28.3286,9783.14,261.93,-132.031,393.96,156.565,-39.5905,187.068,-65.5465,993.142,107.165,58.145,19.7561,302.644,191.604,291.3,204.339,298.802,179.465,1.12649,1268.77,15.5529,238.148,70.2697,54.316,45.8929,38.6055,8.67773,6.32873,0.171692,29.1822,24.4606,0.775963,3.31449
Symphyotrichum_pygmaeum,-120,65.5714,13.9286,13003.1,106.571,-318.429,425,42.7143,-273.929,50.3571,-273.929,145.786,27.2857,4.28571,60.3571,72.8571,14.2143,62.8571,14.2143,78.0714,191.154,0.714286,946.875,15.875,278.6,92.3125,58.8125,42.75,35,4.3125,1.3125,0,0,2.375,9.8125,20.6875
Symphyotrichum_racemosum,116.322,115.98,32.1723,8520.41,295.526,-60.059,355.585,168.063,48.7007,223.721,3.37188,1143.93,116.728,75.2789,12.6689,326.61,247.653,305.63,261.095,99.5646,164.798,0.599537,1427.69,15.0638,170.99,52.287,53.4533,46.1435,38.6446,6.03189,8.46032,1.02721,23.6145,15.7732,0.29932,3.77098
Symphyotrichum_regnellii,180.316,103,56.8421,2189,261.895,90.9474,170.947,191.053,164.316,205,150.684,1540,213.474,63.7895,40.0526,578.316,216.053,479.368,236.211,733,151.579,0.947368,1110.32,34.9474,176.125,36,49.1579,38.8947,20.8421,3.57895,0,12.4737,6.78947,17.3158,14.7895,2.47368
Symphyotrichum_retroflexum,115.978,128.602,39.1613,7051.75,272.645,-48.3333,320.978,102.656,98.043,204.151,22.0538,1517.91,153.806,104.806,10.1505,418.634,336.452,389.903,374.204,810.849,189.065,3.67742,1258.24,20.2473,186.043,46.0215,50.1613,43.7849,35.0323,12.7419,13.5054,0,20.6344,59.4086,0,0.763441
Symphyotrichum_rhiannon,95.2857,113.429,34.7143,5993.43,228.714,-47.1429,275.857,27,126.857,169.857,15.1429,1524.43,158.714,100.143,9.42857,431.429,333.429,369.286,408.286,822.429,195.571,3.42857,1037.86,17.1429,182.857,49.2857,42.7143,38.2857,30.5714,9.14286,8,0,17.7143,54.4286,0,0
Symphyotrichum_robynsianum,2.98039,109.647,23.3137,11748.4,220.863,-233.529,454.392,136.118,-119.412,144.294,-156.784,687.765,89.6471,27.7451,35.9804,249.863,98.1569,240.647,107.608,143.843,177.051,0.0444444,1013.08,18.5882,533.244,210.255,51.8039,49.5882,29.8431,5.82353,20.7692,0,2.65385,31.6154,5.11538,2.48077
Symphyotrichum_schaffneri,175.486,100.914,58.1714,2053.77,257.514,90.5143,167,189.4,155.229,197.486,146.314,1799.14,341.771,50.3714,67.7143,854.429,159.057,478.543,171.286,1350.03,154.286,4.54286,1153.6,37.9429,205.5,38.9714,54.0286,33.2857,26.0857,13.8,0.657143,33.5429,3.25714,19.4,0.571429,2.54286
Symphyotrichum_schistosum,63,64,18.5,3922,149.5,-22,171.5,103.5,11,112.5,11,524,51.5,36,5.5,144.5,112.5,143,112.5,198,167,3,706,11,63.5,12.5,27,18,21,8,1.5,0,31.5,16.5,0,0
Symphyotrichum_sericeum,89.1037,123.496,28.1902,10682.1,299.686,-132.536,432.222,203.251,-51.9222,220.3,-56.5159,793.536,109.334,23.9078,44.9481,303.951,85.879,289.671,86.2767,326.997,180.922,0.564841,1456.12,21.7032,198.409,47.1182,63.0576,35.7695,42.3285,3.77233,3.57061,0.14121,9.22478,10.1182,0.345821,21.7061
Symphyotrichum_shortii,105.739,116.804,30.6526,9235.05,292.926,-83.3958,376.322,189.8,13.9347,220.042,-18.8421,1014.01,110.267,53.1305,22.2632,316.046,183.356,297.878,196.017,236.806,174.593,0.863158,1458.78,22.5223,184.122,41.8917,58.8896,28.3546,49.051,5.69002,3.68632,0.185263,29.8084,8.66737,0.225263,4.83158
Symphyotrichum_simmondsii,217.135,111.802,47.7708,4352.42,323.073,92.2812,230.792,268.021,172.75,268.781,158.115,1320.31,198.708,51.1875,46.5312,539.823,179.083,524.896,200.688,8.71875,174.639,0.0208333,1357.03,8.34375,1106.9,121.031,56.7396,63.6875,26.9792,2.36458,14.8438,9.05208,6.02083,20.4167,1.04167,6.3125
Symphyotrichum_spathulatum,49.1989,144.966,41.6698,6928.48,245.493,-100.409,345.902,11.1689,99.3583,140.795,-34.4934,698.514,107.462,18.0694,45.8987,298.285,70.1557,91.3189,271.713,1935.68,178.094,4.12195,1206.23,15.8377,175.871,44.8396,62.0679,50.134,33.9283,20.5453,47.4146,0.11257,0.72045,12.1257,11.1295,17.3283
Symphyotrichum_squamatum,144.333,75,47,879.667,195.667,90.6667,105,151.667,139,152.333,130.667,610.667,90.6667,17.3333,31.3333,240.667,65.6667,225.667,85.3333,524.667,87,1.66667,918,17,83,13.6667,40.3333,39.6667,10,2.66667,0,0,0,18,11,8.66667
Symphyotrichum_subspicatum,77.3581,104.389,39.6856,5556.53,225.214,-39.2751,264.489,47.0262,120.751,149.428,8.70306,1241.91,195.795,34.0131,53.6725,539.279,125.323,154.332,468.668,544.153,179.259,3.72816,1117.82,16.2017,269.529,79.9706,56.2857,45.7437,37.7059,15.2689,39.4083,0.225,1.50417,17.2917,3.41667,5.68333
Symphyotrichum_subtropicum,0,0,0,0,0,0,0,0,0,0,0,0,0,0,0,0,0,0,0,0,0,0,0,0,0,0,0,0,0,0,0,0,0,0,0,0
Symphyotrichum_subulatum,168.846,122.475,41.2165,6474.13,316.844,12.5413,304.303,220.679,124.009,248.547,82.5706,967.312,133.91,44.9046,42.0826,356.552,153.741,318.097,172.662,401.077,161.27,0.659274,1441.84,22.951,305.382,58.441,63.5318,45.3412,31.6298,6.09256,8.24412,4.16456,3.63472,13.2948,7.42676,15.3906
Symphyotrichum_tardiflorum,58.8333,91.5,22.8333,8256.67,223,-105.667,328.667,119.833,-33.8333,161.5,-52.1667,832.667,82.8333,53.6667,10.5,233.333,173.333,226.667,187.667,102,120.833,1.66667,1045.83,15.8333,157,49.5,49.3333,35.6667,31.8333,6.66667,7.16667,0,16.1667,22.8333,0,1.16667
Symphyotrichum_tenuifolium,149.699,103.119,34.4205,7125.98,298.29,-3.40909,301.699,192.426,136.54,238.852,56.1023,1224.62,142.193,72.4659,20.5739,389.608,244.335,367.182,272.261,8.63636,165.212,0.134921,1365.48,14.3243,463.635,101.059,54.2432,51.9081,33.3405,4.10753,11.8984,9.21925,7.4385,14.1444,1.08021,2.5615
Symphyotrichum_tradescanti,64.6567,104.672,26.5373,9518.88,255.224,-126.239,381.463,125.821,-11.0597,183.224,-62.8657,1059.85,110.239,68.2388,14.6866,312.418,217.418,288.896,245.731,107.507,186.484,1.06349,1202.85,13,218.239,68.2576,52.8636,49.8485,35.6667,9.13636,5.64179,0.179104,20.6866,25.5672,0.537313,1.77612
Symphyotrichum_trilineatum,163.24,135.52,64.84,1944.52,259.28,57.68,201.6,176.76,140.48,184.56,135.56,933.28,182.2,13.2,77.2,472.48,47.36,321.44,52.4,1787.84,170.32,5.76,1193.92,38.64,173.19,25.16,61.64,32.56,24.84,16.6,11.32,13.92,2,35.48,1.36,9.52
Symphyotrichum_turbinellum,129.353,125.833,32.25,8966.01,316.699,-64.9038,381.603,173.333,36.4744,240.481,7.91026,1075.69,121.481,52.2628,22.9487,337.224,188.359,287.609,191.872,241.077,185.39,0.858974,1485.81,20.6923,112.46,23,56.9295,20.4551,58.2628,7.23077,2.37821,0.0512821,41.0962,10.4231,0.262821,5.55769
Symphyotrichum_turneri,70,74,29.5,1671.5,129.5,6,123.5,84.5,61.5,89,47,250.5,65,1,51.5,164.5,5.5,94,17.5,1208,56.5,1,645,21.5,81.5,0,29.5,13.5,15.5,10.5,24.5,0,4,17,1.5,3.5
Symphyotrichum_urophyllum,84.7584,112.682,28.9186,9550.81,278.354,-105.864,384.218,162.221,-26.6951,203,-43.4005,937.891,102.344,50.4974,21.3204,289.411,171.961,275.345,183.079,260.756,176.974,0.689922,1392.13,18.4734,211.809,50.9468,59.083,40.6031,40.8651,5.75227,3.9509,0.133075,25.0814,11.4935,0.133075,5.40052
Symphyotrichum_vahlii,66.95,82.15,47.85,2881.15,157.7,-2.15,159.85,59.55,86.45,103.75,30.4,1158.05,168.45,47.3,37.05,479.75,156.35,179.3,440.6,463,182.8,2.8125,906.143,18.9048,435.083,116.571,55.3333,47.0952,29.381,15.8571,2.66667,12.6667,2.95238,12.9048,11.5714,19.8571
Symphyotrichum_walteri,187.369,120.131,41.7377,6023.19,321.68,37.1967,284.484,260.492,145,261.008,106.705,1259.98,170.77,61.4098,33.6393,472.836,212.057,469.164,252.82,28.8033,167.965,0.0583333,1471.57,11.5738,496.343,66.8279,50.4836,66.1639,21.4426,1.42623,26.5164,4.36885,5.65574,31.7623,0.385246,4.31148
Symphyotrichum_welshii,68.2143,155.929,38.7143,7371.57,268.214,-101.357,369.571,110.643,92.9286,165.286,-23.5,337.786,41.5,14.3571,23.5714,105.786,62.4286,87.2857,83.9286,1910.07,181.214,3.5,1294.79,17.7143,109.5,25.6429,66.7143,44.2143,30.9286,19.8571,27.1429,2.14286,0,16.7143,30.9286,11.7143
Symphyotrichum_yukonense,-42.375,104,23,11275.4,166.875,-251.875,418.75,95.3125,-107.562,97.5625,-189.625,369.562,60.875,14.6875,43.8125,156.312,49.8125,154.25,61.4375,716.75,169.438,3.5,934.125,13.5625,290.182,98.4375,56.5,42.625,37.5625,12.9375,4,0,0,13.0625,20,3.875